entity:population_id	chm13_ancestry_counts	chm13_windows_counts	grch38_ancestry_counts	grch38_windows_counts
ACB	gs://fc-51aefb1c-4e8e-4dcb-a59c-62e318ea351a/86500e3b-e2a6-4364-8ff5-b6c766446b20/concatenate_files/15cfc8c6-ef43-4a3c-a2f4-3cee8b7da565/call-concatenate_files/chm13.ACB.ancestry.txt	gs://fc-51aefb1c-4e8e-4dcb-a59c-62e318ea351a/aff368fe-8c84-41d0-b2df-3bdf526c5be0/concatenate_files/6f91dccb-19f7-4564-88c9-6626959800e5/call-concatenate_files/chm13.ACB.windows.txt	gs://fc-51aefb1c-4e8e-4dcb-a59c-62e318ea351a/099114cf-29b2-41ab-a11e-a1ebdd733ea9/concatenate_files/742a5c97-c5a7-4fcc-b170-8b20e8457e87/call-concatenate_files/grch38.ACB.ancestry.txt	gs://fc-51aefb1c-4e8e-4dcb-a59c-62e318ea351a/3dffaa4c-db65-4106-b6b9-6306690c3992/concatenate_files/b683fd4a-c735-4e76-a9ab-d632c98b2d56/call-concatenate_files/grch38.ACB.windows.txt
AFR	gs://fc-51aefb1c-4e8e-4dcb-a59c-62e318ea351a/29cb4349-0c13-4375-8f8e-117f50e1c3ab/concatenate_files/8626678c-29ff-45a7-8787-a480bbd487d5/call-concatenate_files/chm13.AFR.ancestry.txt	gs://fc-51aefb1c-4e8e-4dcb-a59c-62e318ea351a/0975ea92-73dc-4b22-a408-0c5907930a48/concatenate_files/ffdc3065-30e3-4b8b-b793-a91ed3f1b068/call-concatenate_files/chm13.AFR.windows.txt	gs://fc-51aefb1c-4e8e-4dcb-a59c-62e318ea351a/595c44a8-cf84-4c01-8056-5a46ce7415af/concatenate_files/c65453a8-d143-4cd0-8fe5-27d9b2e17eba/call-concatenate_files/grch38.AFR.ancestry.txt	gs://fc-51aefb1c-4e8e-4dcb-a59c-62e318ea351a/3e472ff6-f267-41cc-803a-ef05afb48f46/concatenate_files/15922a34-8fd5-4c04-bb12-19709f469fda/call-concatenate_files/grch38.AFR.windows.txt
AMR	gs://fc-51aefb1c-4e8e-4dcb-a59c-62e318ea351a/8a7dc4a6-e49a-491e-8ea6-2115312d58b7/concatenate_files/55dcf695-8bc9-4131-862c-f5ccbd249427/call-concatenate_files/chm13.AMR.ancestry.txt	gs://fc-51aefb1c-4e8e-4dcb-a59c-62e318ea351a/45ee40c9-3126-47ba-b43d-5202a39ac307/concatenate_files/433ec156-2be3-4a01-b20f-32e84bbaa09a/call-concatenate_files/chm13.AMR.windows.txt	gs://fc-51aefb1c-4e8e-4dcb-a59c-62e318ea351a/48f9451b-4a9f-4cfb-bf05-321786457dd9/concatenate_files/4cdf9bf3-13a7-4d4b-acbe-f71e0e2ccb7d/call-concatenate_files/grch38.AMR.ancestry.txt	gs://fc-51aefb1c-4e8e-4dcb-a59c-62e318ea351a/51178706-519a-4332-a124-e638996a8727/concatenate_files/5928c4b8-aeee-4a01-bd95-3df368c965c9/call-concatenate_files/grch38.AMR.windows.txt
ASW	gs://fc-51aefb1c-4e8e-4dcb-a59c-62e318ea351a/5eef0b5c-1279-473a-b3d1-a0cb5e5d6081/concatenate_files/6bbb76ec-dfc3-49f6-88e2-6f558a3cbb7a/call-concatenate_files/chm13.ASW.ancestry.txt	gs://fc-51aefb1c-4e8e-4dcb-a59c-62e318ea351a/2a97e7bf-a81b-4af5-ab94-7ee91af67735/concatenate_files/1af75c0d-4112-4113-83a1-36a4b979d9f4/call-concatenate_files/chm13.ASW.windows.txt	gs://fc-51aefb1c-4e8e-4dcb-a59c-62e318ea351a/9f2e75f1-945e-41b3-bffc-4c5781d4e2ef/concatenate_files/6f7f587c-3b8d-4688-baf2-9c27e67fa09b/call-concatenate_files/grch38.ASW.ancestry.txt	gs://fc-51aefb1c-4e8e-4dcb-a59c-62e318ea351a/c222da1b-5f5b-458a-8e3b-612a525337f1/concatenate_files/3d90e7ab-c7fa-4715-ba1a-36d076fe2bba/call-concatenate_files/grch38.ASW.windows.txt
BEB	gs://fc-51aefb1c-4e8e-4dcb-a59c-62e318ea351a/8da787c6-98a3-453c-b05b-103ae53c3a78/concatenate_files/b6963911-b5a6-493a-9874-bf2fa3b1e256/call-concatenate_files/chm13.BEB.ancestry.txt	gs://fc-51aefb1c-4e8e-4dcb-a59c-62e318ea351a/5577d2bc-3c8f-42be-99eb-cac6851a4b5e/concatenate_files/173887a0-f1ec-4ba3-8bf3-ca6bca245f94/call-concatenate_files/chm13.BEB.windows.txt	gs://fc-51aefb1c-4e8e-4dcb-a59c-62e318ea351a/834ed32b-9641-4db4-b37f-e796c9972982/concatenate_files/98e19517-9221-414c-bdfa-623e1746619f/call-concatenate_files/grch38.BEB.ancestry.txt	gs://fc-51aefb1c-4e8e-4dcb-a59c-62e318ea351a/dd032450-589c-4023-9451-ed68eb25710e/concatenate_files/e349b690-cac1-4b4e-916c-e64548d06c3e/call-concatenate_files/grch38.BEB.windows.txt
CDX	gs://fc-51aefb1c-4e8e-4dcb-a59c-62e318ea351a/9e9ec52b-98e6-4cfb-8990-da268393ede6/concatenate_files/f5daa7cd-213c-4f16-a5cd-9bcd3b128269/call-concatenate_files/chm13.CDX.ancestry.txt	gs://fc-51aefb1c-4e8e-4dcb-a59c-62e318ea351a/40bd24bd-0776-4512-a884-56dce264ead7/concatenate_files/0de89914-b31d-4b95-931d-78bbe671c1e4/call-concatenate_files/chm13.CDX.windows.txt	gs://fc-51aefb1c-4e8e-4dcb-a59c-62e318ea351a/c4f5be8c-679e-4aba-b30f-50ce8ffd3142/concatenate_files/b3cd97ec-cb90-4eb2-a389-870cb5900d18/call-concatenate_files/grch38.CDX.ancestry.txt	gs://fc-51aefb1c-4e8e-4dcb-a59c-62e318ea351a/de906631-efd4-457c-a17e-e9f1379073b2/concatenate_files/9df58cd1-0433-4346-a831-f90352cab62c/call-concatenate_files/grch38.CDX.windows.txt
CEU	gs://fc-51aefb1c-4e8e-4dcb-a59c-62e318ea351a/228affe2-a73e-4c3d-8db4-0a57a33235a2/concatenate_files/c0775e2e-6f06-4c09-abbb-a5ec618df2fe/call-concatenate_files/chm13.CEU.ancestry.txt	gs://fc-51aefb1c-4e8e-4dcb-a59c-62e318ea351a/5dd445bc-5b55-4cf8-bc63-ed553aa74fda/concatenate_files/e9d964dd-f93f-4e87-9cab-5a38e1af1914/call-concatenate_files/chm13.CEU.windows.txt	gs://fc-51aefb1c-4e8e-4dcb-a59c-62e318ea351a/007d13c1-2d9a-4922-86ef-54ae00901b88/concatenate_files/fd25a694-6257-44cb-838f-e2a1c3b7d640/call-concatenate_files/grch38.CEU.ancestry.txt	gs://fc-51aefb1c-4e8e-4dcb-a59c-62e318ea351a/6a74fb5b-8cb0-4807-8538-0c4aaaee0b50/concatenate_files/2a92c6cc-9cbe-4af8-9327-9e94afc574de/call-concatenate_files/grch38.CEU.windows.txt
CHB	gs://fc-51aefb1c-4e8e-4dcb-a59c-62e318ea351a/afb3df8e-82c3-4a0c-b513-603e273ba549/concatenate_files/4c204362-6ba4-40de-8519-39459d1a5178/call-concatenate_files/chm13.CHB.ancestry.txt	gs://fc-51aefb1c-4e8e-4dcb-a59c-62e318ea351a/e243a94d-831c-44b9-a067-b3b0b6f4f8d9/concatenate_files/95473feb-44c6-4a24-9cef-f66f2a2546db/call-concatenate_files/chm13.CHB.windows.txt	gs://fc-51aefb1c-4e8e-4dcb-a59c-62e318ea351a/132cbd90-2cbd-432c-9d77-eda681283198/concatenate_files/a9bb65ad-8571-4f0f-904b-ff448ca7eb18/call-concatenate_files/grch38.CHB.ancestry.txt	gs://fc-51aefb1c-4e8e-4dcb-a59c-62e318ea351a/4c0d8464-cf0c-47c9-85ae-08fc35e7a798/concatenate_files/6f4b7dee-2cee-41d0-a277-0344e0df9c66/call-concatenate_files/grch38.CHB.windows.txt
CHS	gs://fc-51aefb1c-4e8e-4dcb-a59c-62e318ea351a/3e96075f-86c6-46d5-a3d9-e4e0377378b8/concatenate_files/c114ff3a-7e40-4d96-b048-401090c76de9/call-concatenate_files/chm13.CHS.ancestry.txt	gs://fc-51aefb1c-4e8e-4dcb-a59c-62e318ea351a/c522bab0-f861-4bb8-9080-bfeb318d94cd/concatenate_files/efd4eeb2-8792-4597-be9c-427c9ced93fc/call-concatenate_files/chm13.CHS.windows.txt	gs://fc-51aefb1c-4e8e-4dcb-a59c-62e318ea351a/a4518afe-6a7c-4ae1-895e-88cead857a2d/concatenate_files/4fd41f2d-15b3-4d74-b567-d29688fc76cc/call-concatenate_files/grch38.CHS.ancestry.txt	gs://fc-51aefb1c-4e8e-4dcb-a59c-62e318ea351a/372902ac-2a00-4da6-9a20-b41f79d632de/concatenate_files/a1556d52-b092-4bdb-bc7e-a1839c0f57f5/call-concatenate_files/cacheCopy/grch38.CHS.windows.txt
CLM	gs://fc-51aefb1c-4e8e-4dcb-a59c-62e318ea351a/1a600547-99d1-4715-989c-3c5e7d90a04e/concatenate_files/04713a70-0812-4a88-ba2a-0884ec17eb0f/call-concatenate_files/chm13.CLM.ancestry.txt	gs://fc-51aefb1c-4e8e-4dcb-a59c-62e318ea351a/aa2de094-ae33-486c-909f-e760ab59f001/concatenate_files/fc1c242e-005d-4ac8-b825-99de5ff0392b/call-concatenate_files/chm13.CLM.windows.txt	gs://fc-51aefb1c-4e8e-4dcb-a59c-62e318ea351a/42e116f0-bffb-448a-932b-054634e5f4d6/concatenate_files/7c7f184a-11f7-40ad-bca9-460a9c98bd6e/call-concatenate_files/grch38.CLM.ancestry.txt	gs://fc-51aefb1c-4e8e-4dcb-a59c-62e318ea351a/d57c3a52-1948-437a-841c-880344ab712a/concatenate_files/b7f826cf-4a7a-48fa-8345-107cd191c0af/call-concatenate_files/grch38.CLM.windows.txt
EAS	gs://fc-51aefb1c-4e8e-4dcb-a59c-62e318ea351a/3a7f10b9-44a4-44a0-9d9a-b4b32508246f/concatenate_files/a8ed7ca0-c886-4e86-a4b0-7ccbded119ef/call-concatenate_files/chm13.EAS.ancestry.txt	gs://fc-51aefb1c-4e8e-4dcb-a59c-62e318ea351a/91b8f800-164e-4446-ab24-29b365a3755e/concatenate_files/e582f260-ab1f-4847-9c6a-4fdca8322674/call-concatenate_files/chm13.EAS.windows.txt	gs://fc-51aefb1c-4e8e-4dcb-a59c-62e318ea351a/56e96869-edb4-4027-b4e6-470f1e611b37/concatenate_files/25124348-04fd-44f8-8dd7-008eb1592865/call-concatenate_files/grch38.EAS.ancestry.txt	gs://fc-51aefb1c-4e8e-4dcb-a59c-62e318ea351a/01f402dd-a8b2-496e-acf9-f65ef4dd55ab/concatenate_files/0c16abca-fea8-4552-8f1d-89de490656ce/call-concatenate_files/grch38.EAS.windows.txt
ESN	gs://fc-51aefb1c-4e8e-4dcb-a59c-62e318ea351a/08accc2e-a6ec-4bd0-8a38-35ccc670601a/concatenate_files/e91c185f-6a15-4d52-a58e-9600277c8c25/call-concatenate_files/chm13.ESN.ancestry.txt	gs://fc-51aefb1c-4e8e-4dcb-a59c-62e318ea351a/9adf6af2-be8f-49e4-9cc1-d439922057cc/concatenate_files/c9d5fa64-d0ff-4ba6-a1b4-25b3c3893dad/call-concatenate_files/chm13.ESN.windows.txt	gs://fc-51aefb1c-4e8e-4dcb-a59c-62e318ea351a/43747204-09f6-447b-ba92-a81d58567231/concatenate_files/38768108-03fc-4f88-9a00-70746f512ac7/call-concatenate_files/grch38.ESN.ancestry.txt	gs://fc-51aefb1c-4e8e-4dcb-a59c-62e318ea351a/b858577d-b353-4bf9-a169-c74e9049a8f5/concatenate_files/a21aa157-9f7e-4081-9f21-1706c449db81/call-concatenate_files/grch38.ESN.windows.txt
EUR	gs://fc-51aefb1c-4e8e-4dcb-a59c-62e318ea351a/91c1b5e5-d527-413e-828c-52850ff0ad7d/concatenate_files/3fecbc4a-4783-418c-b4d7-46b47afc9f17/call-concatenate_files/chm13.EUR.ancestry.txt	gs://fc-51aefb1c-4e8e-4dcb-a59c-62e318ea351a/8a0104eb-5d79-4f13-af6b-9280487a511b/concatenate_files/9b0366ab-d656-477f-9e94-4ac99207e34e/call-concatenate_files/chm13.EUR.windows.txt	gs://fc-51aefb1c-4e8e-4dcb-a59c-62e318ea351a/b111b7d7-71ae-4aea-a52f-7a48fa3c561e/concatenate_files/54534525-3cc8-4f7a-87f1-e1fbab738930/call-concatenate_files/grch38.EUR.ancestry.txt	gs://fc-51aefb1c-4e8e-4dcb-a59c-62e318ea351a/3b9bbbae-c72a-461f-a327-17f06114eb76/concatenate_files/b9c815ba-8146-481b-87b2-851c9b509595/call-concatenate_files/grch38.EUR.windows.txt
FIN	gs://fc-51aefb1c-4e8e-4dcb-a59c-62e318ea351a/5d4c2e66-c5e7-4614-b359-f636e0a4fcd2/concatenate_files/2afce6b5-903c-430d-8f14-34da09329288/call-concatenate_files/chm13.FIN.ancestry.txt	gs://fc-51aefb1c-4e8e-4dcb-a59c-62e318ea351a/b52ec3ea-6618-4012-b8a1-ce467529d453/concatenate_files/b204c333-eda1-4cb0-ac7f-57c686e8874e/call-concatenate_files/chm13.FIN.windows.txt	gs://fc-51aefb1c-4e8e-4dcb-a59c-62e318ea351a/ec1d8049-3915-4e82-9237-18116f294148/concatenate_files/4380368c-c7e0-4c27-bbde-799b390f2cad/call-concatenate_files/grch38.FIN.ancestry.txt	gs://fc-51aefb1c-4e8e-4dcb-a59c-62e318ea351a/ab867686-fe08-4f43-9e5c-a3b135d6c21b/concatenate_files/33bb54d7-a44f-4650-9ff4-be17a58d25ab/call-concatenate_files/grch38.FIN.windows.txt
GBR	gs://fc-51aefb1c-4e8e-4dcb-a59c-62e318ea351a/dae81cde-b743-4e1e-b712-971a3c2320e7/concatenate_files/78cb0ceb-ec59-4755-a426-0853b7a8bbb0/call-concatenate_files/chm13.GBR.ancestry.txt	gs://fc-51aefb1c-4e8e-4dcb-a59c-62e318ea351a/b2331491-4097-4685-8e81-c4baf70b812e/concatenate_files/ab4ab1f1-d790-43fe-bbbc-d8feb55d2ac2/call-concatenate_files/chm13.GBR.windows.txt	gs://fc-51aefb1c-4e8e-4dcb-a59c-62e318ea351a/b49ddb55-005d-42d6-8f3b-8e883715473e/concatenate_files/12ad94df-e3b1-4995-8723-4d9200a22982/call-concatenate_files/grch38.GBR.ancestry.txt	gs://fc-51aefb1c-4e8e-4dcb-a59c-62e318ea351a/70b3b2b2-57e4-4736-b1c1-3d9323eda994/concatenate_files/210563ed-85d4-401d-b4b6-8b492c669129/call-concatenate_files/grch38.GBR.windows.txt
GIH	gs://fc-51aefb1c-4e8e-4dcb-a59c-62e318ea351a/417f7800-a647-4449-981f-99cfa7ba4ed7/concatenate_files/82e585e9-2ebd-4a58-ab2d-02e6de6696bd/call-concatenate_files/chm13.GIH.ancestry.txt	gs://fc-51aefb1c-4e8e-4dcb-a59c-62e318ea351a/2e6df36a-e997-441f-9e8e-5179ce3549d8/concatenate_files/daecaf02-d15d-4b97-9dec-7ab99894984e/call-concatenate_files/chm13.GIH.windows.txt	gs://fc-51aefb1c-4e8e-4dcb-a59c-62e318ea351a/8c4e77fa-2ffe-4274-8608-da4475bf870a/concatenate_files/178d122a-d8d2-4151-9246-bdb6a0aafff9/call-concatenate_files/grch38.GIH.ancestry.txt	gs://fc-51aefb1c-4e8e-4dcb-a59c-62e318ea351a/48768149-a9a5-4ceb-93c8-dd593bfa9721/concatenate_files/8b8563ce-aa0d-4a89-9cfc-65a2d4c5aad3/call-concatenate_files/grch38.GIH.windows.txt
GWD	gs://fc-51aefb1c-4e8e-4dcb-a59c-62e318ea351a/226da5e0-7bf8-4501-a7ab-9872b2c6a7c8/concatenate_files/26f0313d-de5e-42d5-89c2-5dbf7cf4f355/call-concatenate_files/chm13.GWD.ancestry.txt	gs://fc-51aefb1c-4e8e-4dcb-a59c-62e318ea351a/1b1e3f3d-2e73-4d9d-ae36-06a404e35c8b/concatenate_files/7ab9d1ee-be75-415e-804e-14060ee8623a/call-concatenate_files/chm13.GWD.windows.txt	gs://fc-51aefb1c-4e8e-4dcb-a59c-62e318ea351a/1b3664cd-9125-4e0b-86a8-3193290628da/concatenate_files/b76c63fc-8d35-4b10-8aff-85d60c89fa8a/call-concatenate_files/grch38.GWD.ancestry.txt	gs://fc-51aefb1c-4e8e-4dcb-a59c-62e318ea351a/f7dedc8a-0f73-4a96-8b8c-627e31b9acc6/concatenate_files/cfa450ba-bdd5-4b10-bb5f-6c40cc2aa68b/call-concatenate_files/grch38.GWD.windows.txt
IBS	gs://fc-51aefb1c-4e8e-4dcb-a59c-62e318ea351a/8aea015e-5810-4097-bc7c-86f50d42e6e4/concatenate_files/5830c8f6-7205-4efc-b2e2-0404ecd90b44/call-concatenate_files/chm13.IBS.ancestry.txt	gs://fc-51aefb1c-4e8e-4dcb-a59c-62e318ea351a/e7c1fea1-0dba-4b32-9ce7-a02025ca9fd3/concatenate_files/b169703a-b86f-4122-8211-c8092bdd84e1/call-concatenate_files/chm13.IBS.windows.txt	gs://fc-51aefb1c-4e8e-4dcb-a59c-62e318ea351a/481c64aa-34e1-4da3-8f83-7b7278a0a8e0/concatenate_files/c908685c-5b2a-4325-927b-59dea0411ff4/call-concatenate_files/grch38.IBS.ancestry.txt	gs://fc-51aefb1c-4e8e-4dcb-a59c-62e318ea351a/cf6de368-20e6-4b27-9c64-0c559ceec850/concatenate_files/9caf2e3b-f240-43af-8850-a4397b412759/call-concatenate_files/grch38.IBS.windows.txt
ITU	gs://fc-51aefb1c-4e8e-4dcb-a59c-62e318ea351a/1b2181af-b399-4aeb-97a4-62ce9029fadf/concatenate_files/3e0ac781-1a07-4079-b1ab-010d10b50fa1/call-concatenate_files/chm13.ITU.ancestry.txt	gs://fc-51aefb1c-4e8e-4dcb-a59c-62e318ea351a/66c86d5d-b9a3-4c8a-9b49-68931449f51e/concatenate_files/6c75e3e5-0f55-4b7a-a562-94d3070f0e88/call-concatenate_files/chm13.ITU.windows.txt	gs://fc-51aefb1c-4e8e-4dcb-a59c-62e318ea351a/d93d6015-4b97-4005-bf23-096735cdb848/concatenate_files/7002b514-0563-4268-8187-33fb1b30f16c/call-concatenate_files/grch38.ITU.ancestry.txt	gs://fc-51aefb1c-4e8e-4dcb-a59c-62e318ea351a/0852eb3a-32e4-4f01-a838-7e20c6453a7b/concatenate_files/64d463b3-2e54-4191-bf37-5c75af8f6ed0/call-concatenate_files/grch38.ITU.windows.txt
JPT	gs://fc-51aefb1c-4e8e-4dcb-a59c-62e318ea351a/7d3ee64d-08bf-4ec9-98cb-a423ea6407b1/concatenate_files/cb408029-3eaa-479f-bd99-157f848e4558/call-concatenate_files/chm13.JPT.ancestry.txt	gs://fc-51aefb1c-4e8e-4dcb-a59c-62e318ea351a/b4b66745-ea4e-448f-8773-ce2d6a773668/concatenate_files/caf6364c-f776-43f6-828c-18f2ec41bc3a/call-concatenate_files/chm13.JPT.windows.txt	gs://fc-51aefb1c-4e8e-4dcb-a59c-62e318ea351a/220ceaf0-5552-4d51-859b-709f5173290d/concatenate_files/58a12d87-7c8a-450f-b3cf-4b487e742d54/call-concatenate_files/grch38.JPT.ancestry.txt	gs://fc-51aefb1c-4e8e-4dcb-a59c-62e318ea351a/51046e80-11fa-4c61-84f6-96f5e96ba8f7/concatenate_files/9b3f4a67-d6a5-4679-b33c-a1fbdd495557/call-concatenate_files/grch38.JPT.windows.txt
KHV	gs://fc-51aefb1c-4e8e-4dcb-a59c-62e318ea351a/170875c1-36c6-4afe-b8e3-73b64bec6826/concatenate_files/33e34924-0925-40e0-8e65-e1d014352a18/call-concatenate_files/chm13.KHV.ancestry.txt	gs://fc-51aefb1c-4e8e-4dcb-a59c-62e318ea351a/54440696-55c2-4b67-84b7-fbacffff0862/concatenate_files/a8dd6598-c22d-43dc-abd5-95bd2f67d5ad/call-concatenate_files/chm13.KHV.windows.txt	gs://fc-51aefb1c-4e8e-4dcb-a59c-62e318ea351a/2e751800-415d-40bc-bb79-150eb04bd764/concatenate_files/ecac5f5a-ea42-4de6-8aa4-b0abba8dcce8/call-concatenate_files/grch38.KHV.ancestry.txt	gs://fc-51aefb1c-4e8e-4dcb-a59c-62e318ea351a/29284d86-4f76-487c-8842-3e17d5f94356/concatenate_files/8b6f279c-23cf-431a-8f44-68900c72840a/call-concatenate_files/grch38.KHV.windows.txt
LWK	gs://fc-51aefb1c-4e8e-4dcb-a59c-62e318ea351a/310900c2-9ee2-4d4d-9f81-16634848163c/concatenate_files/43e6cccd-a002-43e3-9243-41ad7058e4b5/call-concatenate_files/chm13.LWK.ancestry.txt	gs://fc-51aefb1c-4e8e-4dcb-a59c-62e318ea351a/a5d0e689-43b9-4614-a1bb-d81541b49b74/concatenate_files/32006207-1f01-4f23-88e7-b94c1f18f673/call-concatenate_files/chm13.LWK.windows.txt	gs://fc-51aefb1c-4e8e-4dcb-a59c-62e318ea351a/49095cdd-e438-4509-aa0e-bd034f416c18/concatenate_files/0e04c35a-4854-414d-acd4-82c78fac290d/call-concatenate_files/cacheCopy/grch38.LWK.ancestry.txt	gs://fc-51aefb1c-4e8e-4dcb-a59c-62e318ea351a/c0f2a9ea-a682-4e9b-acbe-249c0af79de2/concatenate_files/62c83dfc-77d3-40a9-b811-57e9d77f2ad1/call-concatenate_files/grch38.LWK.windows.txt
MSL	gs://fc-51aefb1c-4e8e-4dcb-a59c-62e318ea351a/d540fe43-52b4-44b7-a56f-1998895574fb/concatenate_files/3dbc1ed6-317d-4762-94fc-c594eb53a9c3/call-concatenate_files/chm13.MSL.ancestry.txt	gs://fc-51aefb1c-4e8e-4dcb-a59c-62e318ea351a/241d880a-2376-42d6-a343-d86c1ab43f38/concatenate_files/ab9c8e87-0245-42f3-b73b-9c946fb353f6/call-concatenate_files/chm13.MSL.windows.txt	gs://fc-51aefb1c-4e8e-4dcb-a59c-62e318ea351a/b5ead492-fd68-4f54-8913-08ddd105c0b3/concatenate_files/063ba6d0-caef-411d-9ee7-4d3468e0d8af/call-concatenate_files/grch38.MSL.ancestry.txt	gs://fc-51aefb1c-4e8e-4dcb-a59c-62e318ea351a/b1fd4fc7-2663-4ab4-86fd-93fbda0f7d8a/concatenate_files/605a3534-0c86-4d83-97f9-465dc306f317/call-concatenate_files/grch38.MSL.windows.txt
MXL	gs://fc-51aefb1c-4e8e-4dcb-a59c-62e318ea351a/dbc9c109-52c9-416e-84d5-3039032e3b56/concatenate_files/80ccd0e1-83f7-4a51-b2e8-ad5406f1546f/call-concatenate_files/chm13.MXL.ancestry.txt	gs://fc-51aefb1c-4e8e-4dcb-a59c-62e318ea351a/d1b73022-1989-4509-b20a-4bb04fcb8466/concatenate_files/bfb8dcb1-ee98-416b-b58e-362559533538/call-concatenate_files/chm13.MXL.windows.txt	gs://fc-51aefb1c-4e8e-4dcb-a59c-62e318ea351a/62d5c234-cfac-44c0-bb9c-1044c41e3cef/concatenate_files/1dfb97f1-6cbb-4149-8ae1-ab5ae0d147d9/call-concatenate_files/grch38.MXL.ancestry.txt	gs://fc-51aefb1c-4e8e-4dcb-a59c-62e318ea351a/62904ca0-8363-40e7-8d8a-281c0b8d85df/concatenate_files/55d60527-848d-4754-b6b7-b8ef463062ba/call-concatenate_files/grch38.MXL.windows.txt
PEL	gs://fc-51aefb1c-4e8e-4dcb-a59c-62e318ea351a/cc899c8d-4e64-4d3e-9c55-f2591983ebbe/concatenate_files/07c91736-b10d-44f1-8ab5-8c38066f11cf/call-concatenate_files/chm13.PEL.ancestry.txt	gs://fc-51aefb1c-4e8e-4dcb-a59c-62e318ea351a/c1d77c73-65bb-440a-a60a-b536955c27d7/concatenate_files/874992ed-1068-4bda-9051-525ad83c9012/call-concatenate_files/chm13.PEL.windows.txt	gs://fc-51aefb1c-4e8e-4dcb-a59c-62e318ea351a/b112fa80-d264-4073-b13c-cc0c84d3b4da/concatenate_files/fce5a9b8-12a3-41c6-a837-e67729b1a307/call-concatenate_files/grch38.PEL.ancestry.txt	gs://fc-51aefb1c-4e8e-4dcb-a59c-62e318ea351a/f7fff62d-ccd6-4375-b656-063434f893fe/concatenate_files/ba12dde0-154e-44a5-bd80-42f2ced1939d/call-concatenate_files/grch38.PEL.windows.txt
PJL	gs://fc-51aefb1c-4e8e-4dcb-a59c-62e318ea351a/d2a72a9b-dcfa-43d1-b1e6-5f2cd6867a1b/concatenate_files/13432dff-d5e4-48b9-8017-bf5080b49f5e/call-concatenate_files/chm13.PJL.ancestry.txt	gs://fc-51aefb1c-4e8e-4dcb-a59c-62e318ea351a/721b2f5d-7fff-4258-bd2b-a4117fc62555/concatenate_files/58f0a13c-5f60-49b0-a52d-078557b1f56a/call-concatenate_files/chm13.PJL.windows.txt	gs://fc-51aefb1c-4e8e-4dcb-a59c-62e318ea351a/a01afc4f-9d2d-4d0f-acbe-8dd4f9325ea4/concatenate_files/d66e8d67-0460-4278-9a6b-2a888903686e/call-concatenate_files/grch38.PJL.ancestry.txt	gs://fc-51aefb1c-4e8e-4dcb-a59c-62e318ea351a/a35070c7-143a-4f29-b5fa-b6110c4ef304/concatenate_files/b678a2f1-b94a-4d4c-9278-dfbf514e0fec/call-concatenate_files/grch38.PJL.windows.txt
PUR	gs://fc-51aefb1c-4e8e-4dcb-a59c-62e318ea351a/cff20eef-624c-43f5-a6de-30cb080ebeeb/concatenate_files/a4db8c9b-7dc2-475f-8e45-46adaf798669/call-concatenate_files/chm13.PUR.ancestry.txt	gs://fc-51aefb1c-4e8e-4dcb-a59c-62e318ea351a/dd91d640-afe2-433d-bbd9-0c57e3801791/concatenate_files/b15b9738-0c0c-49ff-a6ca-8d4faef0886c/call-concatenate_files/chm13.PUR.windows.txt	gs://fc-51aefb1c-4e8e-4dcb-a59c-62e318ea351a/0b4c8f2c-5a81-418a-ab8c-55b1eb8e7413/concatenate_files/908da25a-f84e-4e10-bf23-99f775746e0c/call-concatenate_files/grch38.PUR.ancestry.txt	gs://fc-51aefb1c-4e8e-4dcb-a59c-62e318ea351a/4ab7e4a2-1a5f-4767-8db8-fa02faf9943f/concatenate_files/ffd16b4e-f199-44d2-9e97-e16241d886a9/call-concatenate_files/grch38.PUR.windows.txt
SAS	gs://fc-51aefb1c-4e8e-4dcb-a59c-62e318ea351a/ec63a48a-1da2-4ed9-938d-d12d69bd6d12/concatenate_files/9b470833-84cc-4a6a-aebf-bd541ed85762/call-concatenate_files/chm13.SAS.ancestry.txt	gs://fc-51aefb1c-4e8e-4dcb-a59c-62e318ea351a/d0a9ae6c-407c-4a5a-80c6-64e91ca537a3/concatenate_files/07e388ca-d6d7-4d2e-b71c-0acd29382a07/call-concatenate_files/chm13.SAS.windows.txt	gs://fc-51aefb1c-4e8e-4dcb-a59c-62e318ea351a/f2cbf378-1c8b-418d-98aa-a440920ec622/concatenate_files/df9b1c61-7c3d-44b6-8b0c-1fedb3019c4c/call-concatenate_files/grch38.SAS.ancestry.txt	gs://fc-51aefb1c-4e8e-4dcb-a59c-62e318ea351a/c00a746d-3a7d-42c1-bb1e-aa705bdf9443/concatenate_files/296beae8-2e81-4586-bf31-7438b1b7140d/call-concatenate_files/grch38.SAS.windows.txt
STU	gs://fc-51aefb1c-4e8e-4dcb-a59c-62e318ea351a/fc8e6e2a-02b9-4d9c-81b7-09582d274ba4/concatenate_files/6677290f-07b2-44a2-8b96-2b47c4f863b4/call-concatenate_files/chm13.STU.ancestry.txt	gs://fc-51aefb1c-4e8e-4dcb-a59c-62e318ea351a/d4ed63e9-49ab-411d-8729-d5e1329f6542/concatenate_files/7632fc0b-3d2c-4b34-95bf-64b8e76efb34/call-concatenate_files/chm13.STU.windows.txt	gs://fc-51aefb1c-4e8e-4dcb-a59c-62e318ea351a/f8179c82-624f-4ec9-824a-fff1613d2a56/concatenate_files/6fffefe1-4a84-44a6-be18-997f52de206e/call-concatenate_files/grch38.STU.ancestry.txt	gs://fc-51aefb1c-4e8e-4dcb-a59c-62e318ea351a/33e8c6cc-917b-4184-b1f9-8ea8613bc3d5/concatenate_files/03c76eef-7955-4ca7-862d-36f901bd61c3/call-concatenate_files/grch38.STU.windows.txt
TSI	gs://fc-51aefb1c-4e8e-4dcb-a59c-62e318ea351a/e17d709d-50aa-485e-8229-fc43437e68b8/concatenate_files/e04b0109-defa-469e-983b-47b40765ceb3/call-concatenate_files/chm13.TSI.ancestry.txt	gs://fc-51aefb1c-4e8e-4dcb-a59c-62e318ea351a/cefd783e-f9d6-4c67-a5c4-e5a9652fab6c/concatenate_files/d2eb60dc-73d4-4a54-bb5e-86a97765abb8/call-concatenate_files/chm13.TSI.windows.txt	gs://fc-51aefb1c-4e8e-4dcb-a59c-62e318ea351a/d7cc94ea-1385-4b1b-a7d9-1e8d6c0f7c5c/concatenate_files/2ed4a87d-b322-47cd-a268-7f3975fa234e/call-concatenate_files/grch38.TSI.ancestry.txt	gs://fc-51aefb1c-4e8e-4dcb-a59c-62e318ea351a/7a7a166c-fbd6-4b2b-9295-7e20969a113b/concatenate_files/b05317d2-53dc-40a5-a453-d83bada72c8e/call-concatenate_files/grch38.TSI.windows.txt
YRI	gs://fc-51aefb1c-4e8e-4dcb-a59c-62e318ea351a/2b18ef2c-9a5f-4ffe-8c8e-60e886d179c6/concatenate_files/92f74bc1-44ec-4bf3-8ab4-623293022ba9/call-concatenate_files/chm13.YRI.ancestry.txt	gs://fc-51aefb1c-4e8e-4dcb-a59c-62e318ea351a/3426da22-dc29-4379-ac27-548256195597/concatenate_files/8d7ada2f-a566-4094-b71f-7e1232deafbb/call-concatenate_files/chm13.YRI.windows.txt	gs://fc-51aefb1c-4e8e-4dcb-a59c-62e318ea351a/4bd89126-f0df-44d3-99d9-ce2b17a6d3ea/concatenate_files/c0d19d1d-aed1-41de-8bcd-45a83a05d075/call-concatenate_files/grch38.YRI.ancestry.txt	gs://fc-51aefb1c-4e8e-4dcb-a59c-62e318ea351a/6e841f27-4971-425e-88bc-92991f620b8e/concatenate_files/d2a7dad0-d3c1-4978-aea6-61cbabda0a02/call-concatenate_files/grch38.YRI.windows.txt
